<wpml-config>
  <custom-types>
    <custom-type translate="1">portfolio</custom-type>
    <custom-type translate="1">product</custom-type>
    <custom-type translate="1">product_variation</custom-type>
    <custom-type translate="1">shop_order</custom-type>
    <custom-type translate="1">shop_order_refund</custom-type>
    <custom-type translate="1">shop_coupon</custom-type>
    <custom-type translate="1">shop_webhook</custom-type>
    <custom-type translate="1">wafs</custom-type>
    <custom-type translate="1">wpcf7_contact_form</custom-type>
    <custom-type translate="1">essential_grid</custom-type>
  </custom-types>
  <taxonomies>
    <taxonomy translate="1">portfolio_category</taxonomy>
    <taxonomy translate="1">portfolio_tag</taxonomy>
    <taxonomy translate="1">product_type</taxonomy>
    <taxonomy translate="1">product_cat</taxonomy>
    <taxonomy translate="1">product_tag</taxonomy>
    <taxonomy translate="1">product_shipping_class</taxonomy>
    <taxonomy translate="1">essential_grid_category</taxonomy>
  </taxonomies>
  <custom-fields>
    <custom-field action="translate">audio_embed</custom-field>
    <custom-field action="translate">image_embed</custom-field>
 	<custom-field action="translate">pre_content_html</custom-field>
  </custom-fields>
  <admin-texts>
	<key name="option_tree_settings">
	<key name="blog_custom_header" />
	<key name="woo_custom_header" />
	</key>
  </admin-texts>  
</wpml-config>